title,url,experience,salary,details
Software Testing Jobs In Bangalore - Bengaluru,https://www.naukri.com/software-testing-jobs-in-bangalore,Not specified,Not disclosed,No details available
Bengaluru - Jobs at Apple (IN),https://jobs.apple.com/en-in/search?location=bengaluru-BGS,Not specified,Not disclosed,No details available
Testing Jobs In Bangalore - Bengaluru,https://www.naukri.com/testing-jobs-in-bangalore,Not specified,Not disclosed,No details available
Staff Software Engineer- Global Media Engine- Bangalore,https://careers.wbd.com/global/en/job/R000091816/Staff-Software-Engineer-Global-Media-Engine-Bangalore,Not specified,Not disclosed,No details available
"Software Engineer II job in Bangalore, Karnataka, India",https://www.careers.philips.com/in/en/job/541493/Software-Engineer-II,Not specified,Not disclosed,"Embrace the unexpected
Over 125 years ago, Frederik and Gerard Philips started a small light bulb company in Eindhoven.
Little did they realize that it would become a global force of innovation, committed to improving billions of lives worldwide. But it did.
Today, Philips is a world leading health technology company with a vision to make life better for people worldwide through meaningful innovation. Making good on this promise depends on our passionate, inspirational, collaborative and diverse team.
We have over 80,000+ brilliant people around the world but are always looking for more. Like-minded, motivated, focused minds to join us in creating a healthier, more connected society while tranforming themselves personally and professionally.
Working at Philips is more than a job. It's an experience filled with unexpected moments that will transform you in lasting and positive ways. Help us improve the world for the better while building a career that no one could have planned for. Even..."
2000 Software 2025 Job Vacancies,https://in.indeed.com/q-software-2025-jobs.html,Not specified,Not disclosed,"Additional Verification Required
Enable JavaScript and cookies to continue
Your Ray ID for this request is
92b2c816cfec7fdf
Need more help?
Contact us"
IT & Systems,https://careers.jio.com/frmfuncwisejob.aspx?func=2pGaMqAexDY=&desc=am1AraTXtX4/W/EJK6dzzw==&flag=/wASbQn4xyQ=,Not specified,Not disclosed,"Manager Projects ( 82485880 )
Mumbai
|
IT & Systems
| Posted
04 Apr 2025
Senior Project Manager ( 82484820 )
Gurugram
|
IT & Systems
| Posted
04 Apr 2025
Quality Assurance Engineer ( 82478144 )
Indore
|
IT & Systems
| Posted
03 Apr 2025
Quality Assurance Engineer ( 82478278 )
Hyderabad
|
IT & Systems
| Posted
03 Apr 2025
5G gNB PHY Software Developers ( 82417672 )
Gurugram
|
IT & Systems
| Posted
26 Mar 2025
Manager Business Analyst ( 82408650 )
Mumbai
|
IT & Systems
| Posted
25 Mar 2025
Tech Support & Content Management ( 82398493 )
Mumbai
|
IT & Systems
| Posted
24 Mar 2025
Tech ops ( 82374548 )
Mumbai
|
IT & Systems
| Posted
21 Mar 2025
State Manager GIS ( 82342392 )
Kolkata
|
IT & Systems
| Posted
18 Mar 2025
Software Developer ( 82301640 )
Bengaluru Avana Building
|
IT & Systems
| Posted
13 Mar 2025
Showing 1 of 2 Pages
01
02"
India - Jobs at Apple (IN),https://jobs.apple.com/en-in/search?location=india-INDC,Not specified,Not disclosed,No details available
SoftwareOne Careers,https://careers.softwareone.com/en/jobs,Not specified,Not disclosed,"Toggle navigation
About Us
Careers
Contact Us
SoftwareOne Academy
English
English
Español
日本語
Deutsch
Find Your Dream Job
Find Your Dream Job
Current Employee?
Please click
here
to search for jobs on our internal portal.
Returning User?
Please click
here
to access your profile.
See jobs by:
Business Area
Locations
Empowering Companies to Transform.
Contact Us
SoftwareOne Corporate Headquarters
Riedenmatt 4
CH-6370 Stans
Switzerland
info@softwareone.com
Company
Careers
About SoftwareOne
Investors
Partner Programs
Media releases
Useful Links
Code of Conduct
Terms & Conditions
Privacy Statement
Imprint
Contact us
SoftwareOne is redefining how companies build, buy and manage everything in the cloud. By helping clients to migrate and modernise their workloads and applications – and in parallel, to navigate and optimise the resulting software and cloud changes – SoftwareOne unlocks the value of technology."
IT & Systems,https://careers.jio.com/frmfuncwisejob.aspx?func=2pGaMqAexDY=&desc=am1AraTXtX4/W/EJK6dzzw==&flag=/wASbQn4xyQ=,Not specified,Not disclosed,"Manager Projects ( 82485880 )
Mumbai
|
IT & Systems
| Posted
04 Apr 2025
Senior Project Manager ( 82484820 )
Gurugram
|
IT & Systems
| Posted
04 Apr 2025
Quality Assurance Engineer ( 82478144 )
Indore
|
IT & Systems
| Posted
03 Apr 2025
Quality Assurance Engineer ( 82478278 )
Hyderabad
|
IT & Systems
| Posted
03 Apr 2025
5G gNB PHY Software Developers ( 82417672 )
Gurugram
|
IT & Systems
| Posted
26 Mar 2025
Manager Business Analyst ( 82408650 )
Mumbai
|
IT & Systems
| Posted
25 Mar 2025
Tech Support & Content Management ( 82398493 )
Mumbai
|
IT & Systems
| Posted
24 Mar 2025
Tech ops ( 82374548 )
Mumbai
|
IT & Systems
| Posted
21 Mar 2025
State Manager GIS ( 82342392 )
Kolkata
|
IT & Systems
| Posted
18 Mar 2025
Software Developer ( 82301640 )
Bengaluru Avana Building
|
IT & Systems
| Posted
13 Mar 2025
Showing 1 of 2 Pages
01
02"
India - Jobs at Apple (IN),https://jobs.apple.com/en-in/search?location=india-INDC,Not specified,Not disclosed,No details available
SoftwareOne Careers,https://careers.softwareone.com/en/jobs,Not specified,Not disclosed,"Toggle navigation
About Us
Careers
Contact Us
SoftwareOne Academy
English
English
Español
日本語
Deutsch
Find Your Dream Job
Find Your Dream Job
Current Employee?
Please click
here
to search for jobs on our internal portal.
Returning User?
Please click
here
to access your profile.
See jobs by:
Business Area
Locations
Empowering Companies to Transform.
Contact Us
SoftwareOne Corporate Headquarters
Riedenmatt 4
CH-6370 Stans
Switzerland
info@softwareone.com
Company
Careers
About SoftwareOne
Investors
Partner Programs
Media releases
Useful Links
Code of Conduct
Terms & Conditions
Privacy Statement
Imprint
Contact us
SoftwareOne is redefining how companies build, buy and manage everything in the cloud. By helping clients to migrate and modernise their workloads and applications – and in parallel, to navigate and optimise the resulting software and cloud changes – SoftwareOne unlocks the value of technology."
Remote Software Developer Jobs,https://remotive.com/remote-jobs/software-dev,Not specified,Not disclosed,Enable JavaScript and cookies to continue
Technology Jobs & Careers at EY | EY - India,https://www.ey.com/en_in/careers/technology,Not specified,Not disclosed,No details available
222 IT Software Engineer job vacancies 3 April 2025,https://www.teamlease.com/it-software-engineer-jobs,Job TypeGenderHide ViewedHide Applied,ExperienceJob TypeGenderHide ViewedHide Applied,No details available
Careers Job Search,https://www.genpact.com/careers/job-search,Not specified,Not disclosed,"Search for roles at Genpact
The pursuit of better
Beware of fake offers
Genpact never requires applicants to pay to be part of our hiring process.
If you receive an email asking you to purchase a starter kit, equipment, or training, or to pay to apply for a role, you can assume that the message is a scam.
Filter By...
Clear All
Keywords
Location
Choose a location
Location
Search
Available Positions
Job Title
Location
Posted"
Software Developer Job in Bengaluru at Oracle,https://getwork.org/job-details/software-developer-31466,Not specified,Not disclosed,No details available
"Specialist Software Engineer- Java FSD - Bangalore, India",https://careers.societegenerale.com/en/job-offers/specialist-software-engineer-java-fsd-2500056B-en,Not specified,Not disclosed,No details available
Senior Software Engineer - Wells Fargo,https://www.wellsfargojobs.com/en/jobs/r-446232/senior-software-engineer/,Not specified,Not disclosed,"About this role:
Wells Fargo is seeking a Senior Software Engineer
In this role, you will:
Lead moderately complex initiatives and deliverables within technical domain environments
Contribute to large scale planning of strategies
Design, code, test, debug, and document for projects and programs associated with technology domain, including upgrades and deployments
Review moderately complex technical challenges that require an in-depth evaluation of technologies and procedures
Resolve moderately complex issues and lead a team to meet existing client needs or potential new clients needs while leveraging solid understanding of the function, policies, procedures, or compliance requirements
Collaborate and consult with peers, colleagues, and mid-level managers to resolve technical challenges and achieve goals
Lead projects and act as an escalation point, provide guidance and direction to less experienced staff
Required Qualifications:
4+ years of Software Engineering experience, or equivalen..."
Cisco Jobs,https://jobs.cisco.com/,Not specified,Not disclosed,Advanced search
Senior Software Engineer at Intuit,https://jobs.intuit.com/job/bengaluru/senior-software-engineer/27595/79594907248,Not specified,Not disclosed,"Job Search
Search Jobs by Keyword
Location
Search radius
Select miles
5 miles
15 miles
25 miles
35 miles
50 miles
Search Jobs
Senior Software Engineer
Category
Software Engineering
Location
Bengaluru, India
Job ID
2025-68869
Apply Now
Share Job
Save Job
Saved Job
Company Overview
Intuit is the global financial technology platform that powers prosperity for the people and communities we serve. With approximately 100 million customers worldwide using products such as TurboTax, Credit Karma, QuickBooks, and Mailchimp, we believe that everyone should have the opportunity to prosper. We never stop working to find new, innovative ways to make that possible.
Job Overview
Your recruiter will enter the BU/FG overview prior to posting this position on our career sites.
Come join the ""Intuit Enterprise Architecture Team as a ""Sr. Software Engineer"" to influence and play a critical role in accelerating Intuit’s VEP platform journey via continuous assessment, evolution, and optimization of our capa..."
Careers,https://www.broadcom.com/company/careers,Not specified,Not disclosed,No details available
"Senior Software Engineer (Golang/GO, Microservices)",https://careers.netapp.com/job/bengaluru/senior-software-engineer-golang-go-microservices/27600/79590564240,Not specified,Not disclosed,"Search jobs
Search jobs
Keyword
Country/Region
Select
Australia
Austria
Belgium
Brazil
Canada
Finland
France
Germany
India
Ireland
Israel
Italy
Japan
Mexico
Netherlands
Remote
Saudi Arabia
Singapore
South Korea
Spain
Sweden
Switzerland
Taiwan
United Arab Emirates
United Kingdom
United States
Vietnam
State/Province
Select
Arizona
Arkansas
Australian Capital Territory
Baden-Württemberg
Bavaria
British Columbia
California
Canton of Bern
Canton of Zurich
Central District
Colorado
Dubai
England
Florida
Georgia
Hamburg
Haryana
Hesse
Illinois
Iowa
Kansas
Karnataka
Land Berlin
Latium
Lombardy
Louisiana
Madrid
Maharashtra
Maryland
Massachusetts
Mexico City
Michigan
Minnesota
Missouri
Munster
Nevada
New Jersey
New South Wales
New York
North Carolina
North Holland
North Rhine-Westphalia
Ohio
Oregon
Pennsylvania
Riyadh Region
Seoul
Singapore
Stockholm County
Taiwan
Tel Aviv
Tennessee
Texas
Tokyo
Utah
Victoria
Vienna
Virginia
Washington
Wisconsin
Search jobs
Reset
View all
Only cities with current ..."
Sr. Software Manager (Fullstack) job in Bangalore ...,https://www.careers.philips.com/in/en/job/551180/Sr-Software-Manager-Fullstack,Not specified,Not disclosed,"Embrace the unexpected
Over 125 years ago, Frederik and Gerard Philips started a small light bulb company in Eindhoven.
Little did they realize that it would become a global force of innovation, committed to improving billions of lives worldwide. But it did.
Today, Philips is a world leading health technology company with a vision to make life better for people worldwide through meaningful innovation. Making good on this promise depends on our passionate, inspirational, collaborative and diverse team.
We have over 80,000+ brilliant people around the world but are always looking for more. Like-minded, motivated, focused minds to join us in creating a healthier, more connected society while tranforming themselves personally and professionally.
Working at Philips is more than a job. It's an experience filled with unexpected moments that will transform you in lasting and positive ways. Help us improve the world for the better while building a career that no one could have planned for. Even..."
Senior Software Engineer- Global Media Engine- Player,https://careers.wbd.com/global/en/job/R000091819/Senior-Software-Engineer-Global-Media-Engine-Player-Bangalore,Not specified,Not disclosed,No details available
Careers,https://boomi.com/company/careers/,Not specified,Not disclosed,No details available
Software Principal Engineer at Dell Careers,https://jobs.dell.com/en/job/bengaluru/software-principal-engineer/375/79599075680,Not specified,Not disclosed,"Search Jobs
Keyword(s)
Location
Search Jobs
Bangalore, India
Software Principal Engineer
as rated by current and former employees
Apply Now
Save Job
Software Principal Engineer
The Software Engineering team delivers next-generation application enhancements and new products for a changing world. Working at the cutting edge, we design and develop software for platforms, peripherals, applications and diagnostics — all with the most advanced technologies, tools, software engineering methodologies and the collaboration of internal and external partners.
Join us to do the best work of your career and make a profound social impact as a
Software Principal Engineer on our Software Engineering Team in Bangalore.
What you’ll achieve
As a Software Principal Engineer, you will be responsible for developing sophisticated systems and software based on the customer’s business goals, needs and general business environment creating software solutions.
You will:
•Contribute to the design and architecture..."
R&D Senior Software Developer,https://careers.abb/us/en/job/96245638/R-D-Senior-Software-Developer,Not specified,Not disclosed,"Important: In order to be employed by ABB you will need to fully comply with/fulfill all local ABB employment requirements/processes.
Before applying, please read our Fraud Warning."
NVIDIA: Jobs,https://in.linkedin.com/company/nvidia/jobs,Not specified,Not disclosed,"NVIDIA
Computer Hardware Manufacturing
Santa Clara, CA
3,253,709 followers
See jobs
Follow
Report this company
Close menu
View all 40,256 employees
Overview
Jobs
Life
Jobs at NVIDIA
Physical Design Manager
Physical Design Manager
NVIDIA
Tel Aviv District, Israel
3 hours ago
Senior Applied Power Architect - GPU
Senior Applied Power Architect - GPU
NVIDIA
Santa Clara, CA
$136,000.00
            -
            $368,000.00
3 hours ago
Senior Physical Design Full Chip STA Engineer
Senior Physical Design Full Chip STA Engineer
NVIDIA
Raanana, Center District, Israel
3 hours ago
Senior Chip Design Verification Engineer
Senior Chip Design Verification Engineer
NVIDIA
Raanana, Center District, Israel
3 hours ago
Senior Technical Instructor - AI and Data Center Infrastructure
Senior Technical Instructor - AI and Data Center Infrastructure
NVIDIA
New York, NY
3 hours ago
Senior ASIC Design Engineer
Senior ASIC Design Engineer
NVIDIA
California, United States
$168,000.00
            -
            $..."
