title,url
Software Testing Jobs In Bangalore - Bengaluru,https://www.naukri.com/software-testing-jobs-in-bangalore
Bengaluru - Jobs at Apple (IN),https://jobs.apple.com/en-in/search?location=bengaluru-BGS
Testing Jobs In Bangalore - Bengaluru,https://www.naukri.com/testing-jobs-in-bangalore
Staff Software Engineer- Global Media Engine- Bangalore,https://careers.wbd.com/global/en/job/R000091816/Staff-Software-Engineer-Global-Media-Engine-Bangalore
"Software Engineer II job in Bangalore, Karnataka, India",https://www.careers.philips.com/in/en/job/541493/Software-Engineer-II
2000 Software 2025 Job Vacancies,https://in.indeed.com/q-software-2025-jobs.html
IT & Systems,https://careers.jio.com/frmfuncwisejob.aspx?func=2pGaMqAexDY=&desc=am1AraTXtX4/W/EJK6dzzw==&flag=/wASbQn4xyQ=
India - Jobs at Apple (IN),https://jobs.apple.com/en-in/search?location=india-INDC
SoftwareOne Careers,https://careers.softwareone.com/en/jobs
IT & Systems,https://careers.jio.com/frmfuncwisejob.aspx?func=2pGaMqAexDY=&desc=am1AraTXtX4/W/EJK6dzzw==&flag=/wASbQn4xyQ=
India - Jobs at Apple (IN),https://jobs.apple.com/en-in/search?location=india-INDC
SoftwareOne Careers,https://careers.softwareone.com/en/jobs
Remote Software Developer Jobs,https://remotive.com/remote-jobs/software-dev
Technology Jobs & Careers at EY | EY - India,https://www.ey.com/en_in/careers/technology
222 IT Software Engineer job vacancies 3 April 2025,https://www.teamlease.com/it-software-engineer-jobs
Careers Job Search,https://www.genpact.com/careers/job-search
Software Developer Job in Bengaluru at Oracle,https://getwork.org/job-details/software-developer-31466
"Specialist Software Engineer- Java FSD - Bangalore, India",https://careers.societegenerale.com/en/job-offers/specialist-software-engineer-java-fsd-2500056B-en
Senior Software Engineer - Wells Fargo,https://www.wellsfargojobs.com/en/jobs/r-446232/senior-software-engineer/
Cisco Jobs,https://jobs.cisco.com/
Senior Software Engineer at Intuit,https://jobs.intuit.com/job/bengaluru/senior-software-engineer/27595/79594907248
Careers,https://www.broadcom.com/company/careers
"Senior Software Engineer (Golang/GO, Microservices)",https://careers.netapp.com/job/bengaluru/senior-software-engineer-golang-go-microservices/27600/79590564240
Sr. Software Manager (Fullstack) job in Bangalore ...,https://www.careers.philips.com/in/en/job/551180/Sr-Software-Manager-Fullstack
Senior Software Engineer- Global Media Engine- Player,https://careers.wbd.com/global/en/job/R000091819/Senior-Software-Engineer-Global-Media-Engine-Player-Bangalore
Careers,https://boomi.com/company/careers/
Software Principal Engineer at Dell Careers,https://jobs.dell.com/en/job/bengaluru/software-principal-engineer/375/79599075680
R&D Senior Software Developer,https://careers.abb/us/en/job/96245638/R-D-Senior-Software-Developer
NVIDIA: Jobs,https://in.linkedin.com/company/nvidia/jobs
